"Verb","GoingP1","WillP1","GoingP2","WillP2","GoingP3","WillP3"
"a-new",0,1,0,0,0,0
"abandon",0,6,0,8,0,4
"abash",0,1,0,0,0,0
"abate",0,2,0,2,0,1
"abet",0,1,0,1,0,0
"abhor",0,0,0,2,0,0
"abide",0,7,0,10,0,3
"abolish",0,0,0,0,0,2
"abound",0,0,0,1,0,2
"abscond",0,1,0,0,0,0
"absent",0,1,0,0,0,0
"absolve",0,5,0,2,0,0
"absorb",0,0,0,2,0,3
"abstain",0,1,0,2,0,1
"abuse",3,12,0,4,2,3
"accede",0,1,0,2,0,0
"accelerate",0,1,0,1,0,0
"accept",1,67,1,38,2,43
"acclaim",0,0,0,0,0,1
"accommodate",0,2,0,1,0,2
"accompany",0,16,0,27,0,7
"accomplish",0,3,0,5,0,7
"accord",0,0,0,1,0,3
"accost",0,0,0,4,0,0
"account",1,26,0,17,0,9
"accrue",0,2,0,2,0,1
"accumulate",0,3,0,4,0,3
"accuse",0,7,0,3,0,2
"achieve",0,0,0,1,0,3
"acknowledge",0,22,0,23,0,10
"acknowlege",0,1,0,0,0,0
"acquaint",3,35,0,4,0,1
"acquiesce",0,6,0,2,0,1
"acquire",0,11,0,15,0,8
"acquit",0,11,0,2,0,0
"act",1,29,2,27,3,33
"adapt",0,1,0,1,0,2
"add",3,84,2,52,3,32
"addict",0,0,0,1,0,0
"address",0,1,2,4,0,4
"adduce",0,0,0,1,0,1
"adhere",0,4,0,5,0,1
"adjourn",0,2,0,0,0,2
"adjudge",0,0,0,1,0,0
"adjust",0,2,0,4,0,0
"administer",1,1,0,1,0,1
"admire",0,8,0,5,1,3
"admit",0,61,0,61,0,51
"adopt",0,3,1,6,1,10
"adore",0,1,0,2,0,0
"adorn",1,2,0,2,0,1
"advance",1,8,1,8,0,7
"advantage",0,0,0,1,0,0
"adventure",0,2,0,0,0,0
"advert",0,0,0,1,0,1
"advertise",0,2,0,3,1,0
"advise",0,9,2,5,1,1
"affect",0,22,0,15,0,13
"affirm",0,12,0,2,0,2
"afflict",0,5,0,1,0,2
"afford",1,68,0,42,0,24
"affront",0,3,0,2,0,0
"aggravate",0,7,0,2,0,0
"agitate",0,1,0,2,0,0
"agree",0,24,0,41,0,34
"aid",0,1,2,7,0,6
"aim",0,0,0,1,0,5
"alarm",0,1,0,5,0,0
"alight",0,0,1,1,0,0
"allay",0,0,0,1,0,0
"allege",0,2,0,1,0,0
"alleviate",0,4,0,0,0,0
"allow",0,194,1,105,5,101
"allude",0,0,0,1,0,4
"allure",0,1,0,0,0,0
"ally",0,0,0,1,0,0
"alter",0,8,0,12,2,8
"amalgamate",0,0,0,1,0,0
"amaze",0,2,0,1,0,0
"amble",0,1,0,0,0,0
"ameliorate",0,0,0,1,0,0
"amend",0,2,0,0,1,0
"amount",0,15,0,8,0,5
"amplify",0,0,0,1,0,0
"amuse",0,10,1,13,0,15
"analyse",0,0,0,0,0,2
"analyze",0,0,0,1,0,0
"anger",0,2,0,1,0,0
"animate",0,2,0,2,0,0
"annex",0,2,0,0,0,2
"annihilate",0,2,0,0,0,0
"announce",0,0,0,0,0,2
"annoy",0,0,0,2,2,1
"anoint",0,0,0,1,0,0
"answer",12,93,2,92,6,50
"anticipate",0,10,0,4,0,5
"apologise",0,0,0,2,0,0
"apologize",0,4,0,1,0,0
"apostrophise",0,0,0,1,0,0
"appeal",0,5,0,4,1,9
"appear",1,241,0,146,0,91
"appertain",0,0,0,0,0,1
"applaud",0,6,0,1,0,1
"apply",0,25,0,17,1,17
"appoint",0,3,0,3,0,1
"appreciate",0,0,0,5,0,12
"apprehend",0,1,0,2,0,1
"apprise",0,4,0,4,0,0
"approach",0,5,1,7,0,1
"appropriate",0,1,0,0,0,1
"approve",0,23,0,12,0,8
"approximate",0,0,0,1,0,0
"argue",0,4,0,1,1,5
"arise",0,27,0,17,0,21
"arm",0,0,0,1,0,0
"arouse",0,0,0,0,0,3
"arraign",0,1,0,0,0,0
"arrange",0,2,0,7,1,10
"arrest",1,1,0,2,0,2
"arrive",1,14,0,19,0,13
"ascend",0,0,1,6,0,9
"ascertain",0,1,0,3,0,3
"ascribe",0,1,0,0,0,1
"ask",9,60,6,70,29,76
"aspire",0,0,0,1,0,0
"assail",0,1,0,0,0,0
"assault",1,0,0,0,0,0
"assay",0,0,0,2,0,0
"assemble",0,2,0,1,0,1
"assent",0,3,0,2,0,1
"assert",0,21,0,6,1,9
"assign",0,2,0,1,0,0
"assist",0,23,0,20,1,11
"associate",0,3,0,3,0,1
"assuage",0,0,0,0,0,1
"assume",0,4,0,10,1,12
"assure",0,24,1,8,0,2
"astonish",0,3,0,4,0,0
"astound",0,0,0,2,0,0
"atone",0,8,0,6,0,2
"attach",0,0,0,7,0,5
"attack",1,4,0,4,3,4
"attain",0,3,0,9,0,5
"attempt",0,36,0,38,1,20
"attend",0,45,2,30,0,12
"attest",0,0,0,2,0,0
"attire",0,0,0,1,0,0
"attract",0,3,0,6,0,6
"attribute",0,3,0,6,0,1
"attune",0,1,0,0,0,0
"augment",0,7,0,0,0,0
"authorise",0,0,0,1,0,0
"authorize",0,2,0,2,0,0
"avail",0,10,0,28,0,9
"avenge",0,2,0,1,0,0
"aver",0,1,0,1,0,1
"avert",0,0,0,1,0,0
"avoid",0,7,0,3,0,9
"avouch",0,0,0,2,0,0
"avow",0,2,1,2,0,3
"await",0,0,0,10,0,5
"awake",1,1,0,4,0,0
"awaken",0,2,0,2,0,2
"award",0,0,0,1,0,0
"back",0,0,0,2,0,2
"baffle",0,1,0,0,0,1
"bail",0,1,0,0,0,0
"bait",0,0,1,1,0,0
"bake",0,2,0,0,0,1
"balance",0,3,0,3,0,0
"balk",0,1,0,0,0,0
"banish",0,4,0,5,0,1
"bank",0,0,0,1,0,0
"bare",0,1,0,1,0,0
"bargain",0,0,0,1,1,3
"bark",0,0,0,0,0,1
"barter",0,2,0,0,0,2
"base",0,0,0,0,0,1
"bate",0,1,0,0,0,0
"bathe",0,0,2,2,1,0
"batter",0,1,0,0,0,0
"be",82,6677,120,6788,271,6466
"bear",0,122,1,104,0,63
"beare",0,0,0,0,0,1
"bearn",0,1,0,0,0,0
"beat",0,8,2,8,0,11
"beautify",0,0,1,0,0,0
"beckon",0,0,0,1,0,0
"become",0,121,0,153,2,119
"bed",5,0,12,0,15,0
"bedizen",0,1,0,0,0,1
"befall",0,5,1,3,0,0
"befit",0,1,0,0,0,0
"befriend",0,2,0,2,0,1
"beg",2,20,2,6,0,7
"beget",0,4,0,1,0,1
"beggar",0,0,0,0,0,1
"begin",11,51,14,39,17,57
"begone",0,0,0,1,0,0
"beguile",0,1,0,1,0,1
"behave",0,10,0,6,1,4
"behold",0,5,0,13,0,2
"behove",0,3,0,1,0,0
"belave",0,0,0,0,0,1
"beleaguer",0,0,0,1,0,0
"belie",0,0,0,2,0,1
"believe",0,123,0,101,0,61
"belive",0,1,0,0,0,0
"bell",0,0,0,0,1,0
"belong",0,3,0,4,0,7
"bemust",0,0,0,0,0,1
"bend",0,4,0,3,0,2
"benefit",0,2,1,5,0,6
"bequeath",0,2,0,2,0,1
"beset",0,0,0,2,0,0
"besiege",1,1,0,0,0,0
"bespeak",0,2,0,1,0,0
"best",0,1,0,0,0,0
"bestir",0,0,0,1,0,2
"bestow",1,10,0,9,0,1
"bet",0,3,0,6,0,5
"betake",0,0,0,1,0,0
"betide",0,0,0,3,0,0
"betray",0,15,0,17,1,11
"betroth",0,0,0,0,0,5
"bewail",0,1,0,0,0,0
"beware",0,0,0,0,0,2
"bewitch",0,0,0,0,0,2
"bewray",0,0,0,1,0,0
"bias",0,1,0,1,0,0
"bicycle",0,0,0,0,1,0
"bid",3,6,0,8,0,6
"bide",0,1,0,1,0,0
"bind",0,4,0,7,0,6
"bisect",0,0,0,1,0,0
"bite",0,1,1,5,2,5
"blacken",0,1,0,0,1,0
"blame",0,14,0,13,0,5
"blast",0,0,0,2,1,2
"blaze",0,0,0,3,0,2
"blazon",0,0,0,1,0,0
"bleat",0,0,0,1,0,0
"bleed",1,4,0,5,0,0
"blench",0,0,0,2,0,0
"blend",0,0,0,1,0,2
"bless",0,20,0,8,0,6
"blind",0,0,0,0,0,1
"bloom",0,0,0,2,0,0
"blot",0,2,0,3,0,0
"blow",0,8,1,10,1,8
"blunt",0,2,0,2,0,1
"blur",0,0,0,0,0,1
"blush",0,6,0,5,0,1
"board",0,2,1,0,0,0
"boast",0,2,0,3,0,0
"body",0,1,0,2,0,0
"boil",0,4,0,1,0,3
"bolt",0,0,0,0,1,0
"bore",0,0,1,4,2,0
"borrow",0,2,2,5,0,1
"botch",0,0,0,0,0,1
"bother",0,0,0,2,3,0
"bounce",0,1,0,0,1,0
"bound",0,0,0,0,0,3
"bow",0,2,0,0,0,4
"box",0,2,0,0,0,0
"brag",0,1,0,1,0,0
"brain",0,0,0,0,0,1
"branch",0,0,0,1,0,1
"brave",0,1,0,4,0,2
"break",3,41,1,40,6,39
"breakfast",0,7,0,2,0,0
"breathe",0,0,0,5,0,0
"breed",0,3,0,4,0,2
"bribe",0,1,0,1,0,1
"brighten",0,1,0,1,0,0
"bring",1,126,5,137,5,141
"broaden",0,0,0,0,0,1
"brook",0,2,0,1,0,0
"brush",0,0,0,3,0,1
"buckle",0,0,0,1,0,0
"budge",0,1,0,2,0,1
"build",5,9,1,8,3,5
"bully",1,0,0,1,2,0
"bunt",0,1,0,0,0,0
"buoy",0,0,0,0,0,1
"burden",0,2,0,0,0,0
"burke",0,0,0,0,0,1
"burn",0,10,0,15,1,16
"burrow",0,0,0,1,0,0
"burst",1,11,1,9,2,5
"burthen",0,1,0,0,0,0
"bury",1,7,2,3,1,5
"busy",0,1,0,0,0,0
"butt",0,1,0,0,0,0
"buy",0,14,3,25,10,23
"cackle",0,0,0,1,0,0
"cajole",0,1,0,0,0,0
"calculate",0,1,0,1,0,0
"call",1,83,9,94,7,110
"calm",0,0,0,1,0,1
"calve",0,0,0,1,0,0
"can",0,0,0,1,0,0
"cancel",0,0,0,1,0,1
"candy",0,1,0,0,0,0
"cane",0,0,0,0,0,1
"cannonade",0,1,0,0,0,0
"canter",0,0,1,0,0,0
"capsize",0,0,0,0,0,1
"capture",0,0,0,0,0,1
"care",0,7,0,10,0,20
"careen",1,0,0,0,0,0
"caress",0,1,0,0,0,0
"carry",2,66,5,55,6,49
"cart",0,0,0,0,0,1
"carve",0,1,0,1,0,0
"cast",0,12,2,14,1,11
"cat",0,1,0,0,0,0
"catch",0,9,1,8,1,23
"cause",0,17,0,20,0,27
"caution",0,1,0,0,0,0
"cave",0,0,0,0,0,1
"cavil",0,1,0,0,0,0
"cease",1,31,1,28,0,35
"celebrate",0,0,0,2,0,2
"censure",0,5,0,0,0,0
"centre",0,1,0,0,0,0
"certificate",0,0,0,1,0,0
"certify",0,1,0,2,0,0
"chaff",0,0,0,0,1,0
"chain",0,1,0,0,0,0
"chair",0,0,0,0,1,0
"chalk",0,1,0,0,0,0
"challenge",0,3,0,3,0,1
"chance",0,0,0,1,0,1
"change",2,22,1,32,2,27
"char",0,0,0,1,0,0
"characterize",0,0,0,1,0,0
"charge",0,11,0,2,1,8
"charm",0,5,0,1,0,0
"charter",0,0,0,1,0,0
"chase",0,2,0,0,0,1
"chastise",1,1,0,0,0,1
"chatter",0,0,0,1,0,0
"chaw",0,0,0,0,0,1
"cheapen",0,0,0,1,0,1
"chear",0,0,0,1,0,0
"cheat",0,0,0,2,1,1
"check",0,1,0,4,0,2
"cheer",0,0,1,2,0,6
"cherish",0,2,0,1,0,2
"chide",1,6,0,2,0,1
"chill",0,2,0,2,0,0
"choke",0,1,0,0,1,1
"choose",1,15,0,10,1,16
"chop",0,1,0,0,0,0
"christen",0,1,0,0,0,0
"chuck",0,0,0,0,1,0
"chuckle",0,0,0,0,0,1
"church",3,0,1,0,4,0
"circulate",0,0,0,3,0,0
"circumcise",0,0,0,0,0,1
"cite",0,1,0,3,0,1
"claim",1,5,2,3,0,4
"clamber",0,0,0,1,0,0
"clamour",0,0,0,0,0,2
"clang",0,0,0,0,0,1
"clap",0,1,1,2,0,0
"clash",0,0,0,0,0,1
"clasp",0,2,0,2,0,0
"class",0,0,0,1,0,0
"claw",0,1,0,0,0,0
"clean",0,0,0,1,0,3
"cleanse",0,1,0,0,0,1
"clear",0,12,0,12,4,6
"cleave",0,0,0,1,0,1
"clench",0,0,0,0,0,1
"climb",0,1,1,0,2,7
"cling",0,3,0,3,0,6
"clip",0,0,0,1,0,0
"cloak",0,0,0,0,0,1
"close",1,17,1,6,1,9
"clothe",0,1,0,3,0,0
"cloy",0,1,0,1,0,0
"clutch",0,0,0,0,0,1
"co-operate",0,1,0,2,0,1
"coalesce",0,0,0,1,0,1
"coax",0,0,0,1,0,0
"cock",0,0,0,0,0,1
"coin",0,0,0,1,0,0
"coincide",0,2,0,4,0,0
"collapse",0,0,0,0,0,3
"collect",0,3,0,0,2,7
"colour",0,0,0,2,0,0
"combat",0,0,1,1,0,0
"combine",0,1,0,8,0,5
"come",0,250,2,369,5,560
"comfort",0,3,0,7,0,6
"command",1,14,1,9,0,4
"commence",1,1,4,9,0,2
"commend",0,4,0,1,0,1
"comment",0,1,0,0,0,1
"commit",2,5,3,12,2,6
"communicate",4,16,1,4,0,4
"compare",0,6,0,2,0,5
"compass",0,1,0,0,0,0
"compel",0,6,0,8,0,7
"compell",0,0,0,1,0,0
"compensate",0,10,0,0,0,2
"complain",1,5,1,8,1,3
"compleat",0,2,0,0,0,0
"complete",0,6,0,7,0,5
"complicate",0,0,0,0,0,1
"compliment",0,1,0,2,0,0
"comply",0,22,0,3,0,2
"comport",0,0,0,0,0,1
"compose",0,5,0,4,0,0
"compound",0,3,0,0,0,0
"comprehend",0,9,0,14,0,5
"comprise",0,0,0,3,0,3
"compromise",0,0,0,1,0,2
"con",0,0,0,2,0,0
"conceal",0,10,0,5,0,4
"concede",0,0,0,4,0,1
"conceive",0,22,0,9,0,1
"concern",0,1,0,1,0,2
"conciliate",0,1,0,2,0,0
"conclude",0,37,0,18,1,11
"concur",0,18,0,1,0,0
"condemn",0,16,0,6,0,5
"condense",0,0,0,1,0,0
"condescend",0,18,0,19,0,2
"condition",0,1,0,0,0,0
"condone",0,0,0,0,0,1
"conduce",0,0,0,2,0,0
"conduct",0,13,0,7,1,3
"confer",0,8,1,9,0,3
"confess",1,35,0,25,0,27
"confide",0,5,0,5,1,2
"confine",0,7,0,7,0,10
"confirm",0,20,0,8,0,0
"confiscate",0,0,0,0,0,1
"conform",0,4,0,5,0,0
"confound",0,4,0,0,0,1
"confront",0,0,0,0,0,1
"confuse",0,0,0,0,0,1
"confute",0,2,0,0,0,0
"congratulate",0,0,1,0,0,1
"congregate",0,0,0,0,0,1
"conjecture",0,0,0,1,0,0
"conjoin",0,1,0,0,0,0
"connect",0,0,0,3,0,3
"connive",0,1,0,1,0,0
"conquer",0,4,0,5,1,3
"consecrate",0,1,0,2,0,0
"consent",0,28,0,39,2,24
"consider",0,63,0,44,1,47
"consign",0,0,0,1,0,1
"consist",0,6,0,9,0,6
"console",0,1,0,6,0,1
"constitute",0,1,0,3,0,9
"constrain",0,0,0,1,0,2
"construct",0,0,0,4,0,2
"construe",0,1,0,0,0,1
"consult",0,15,1,8,0,4
"consume",0,3,0,2,0,0
"consummate",0,0,0,2,0,0
"contain",0,11,0,9,0,15
"contemn",0,1,0,0,0,0
"contemplate",0,0,0,2,0,1
"contend",0,1,0,5,0,4
"content",0,15,0,11,0,5
"contest",0,3,0,0,0,0
"continue",2,78,0,92,1,62
"contract",0,6,0,1,0,0
"contradict",0,4,0,5,0,5
"contrast",0,1,0,0,0,0
"contribute",0,32,0,7,1,2
"contrive",0,16,0,14,0,3
"control",0,0,0,1,0,2
"controul",0,1,0,0,0,0
"controvert",0,1,0,1,0,0
"converge",0,0,0,4,0,0
"converse",0,1,0,4,0,0
"convert",0,1,0,2,1,4
"convey",1,12,0,8,0,6
"convict",0,0,0,1,0,0
"convince",0,41,0,18,1,14
"cook",0,1,0,0,2,5
"cool",0,2,0,0,0,1
"cope",0,0,0,2,0,0
"copulate",0,1,0,0,0,0
"copy",0,4,1,15,0,4
"cord",0,1,0,0,0,0
"correct",0,3,0,5,0,4
"correspond",0,7,0,3,0,3
"corroborate",0,3,0,2,0,0
"corrode",0,1,0,0,0,1
"corrupt",0,2,0,1,0,1
"cost",0,19,0,26,4,15
"coud",0,1,0,0,0,0
"cough",0,1,0,0,0,0
"count",0,0,0,5,1,3
"countenance",0,3,0,1,1,0
"counteract",0,1,0,1,0,0
"counterbalance",0,2,0,0,0,0
"counterfeit",0,2,1,0,0,0
"countervail",0,1,0,0,0,0
"couple",0,0,0,1,0,0
"court",0,2,0,2,0,0
"cover",0,18,0,8,0,15
"covet",0,1,0,0,0,0
"cower",0,0,0,1,0,0
"crack",0,0,0,2,0,3
"cramp",0,0,0,1,0,1
"crash",0,0,0,0,0,1
"crave",0,1,0,5,0,1
"crawl",0,1,0,0,0,1
"create",0,8,0,18,0,5
"credit",0,2,0,7,0,3
"creep",0,1,0,2,0,2
"cribb",0,0,0,1,0,0
"cringe",0,0,0,1,0,0
"cross",3,1,1,6,0,8
"croud",0,2,0,0,0,0
"crow",0,0,0,1,1,1
"crowd",0,4,0,3,0,1
"crown",0,6,0,2,0,1
"crucify",0,1,0,0,0,0
"crumble",0,1,0,1,0,0
"crush",0,0,0,4,0,2
"cry",3,7,0,13,9,7
"cuddle",0,0,0,0,1,0
"cudgel",0,1,0,1,0,0
"cultivate",0,1,0,1,0,2
"curb",0,0,0,3,0,2
"curdle",0,1,0,0,0,0
"cure",0,14,0,18,1,7
"curse",1,2,0,3,0,2
"curvet",0,0,0,1,0,0
"cut",3,9,0,25,5,10
"damage",0,0,0,0,0,1
"damn",0,2,0,1,0,0
"damp",0,2,0,1,0,0
"dance",0,2,3,5,2,7
"dangle",0,0,0,0,0,1
"dare",0,22,0,19,0,15
"darken",0,1,0,1,0,2
"dart",1,0,0,0,0,1
"dash",0,1,0,1,1,2
"date",0,0,0,1,0,0
"daub",0,1,0,1,0,0
"daunt",0,0,0,1,0,0
"dawn",0,0,0,1,0,3
"dazzle",0,1,0,0,0,0
"deal",0,8,0,9,0,13
"debase",0,2,0,1,0,0
"debate",0,0,0,0,0,1
"decay",3,0,0,2,1,2
"deceive",0,8,0,13,0,4
"decide",0,9,1,18,0,6
"declaim",0,0,0,1,0,0
"declare",1,20,0,11,0,5
"decline",0,5,0,0,1,2
"decorate",0,0,0,0,0,1
"decoy",0,1,0,0,0,0
"decrease",0,0,0,1,0,1
"decree",0,1,0,0,0,0
"dedicate",0,2,0,2,1,0
"deem",0,0,0,7,0,1
"deepen",0,0,0,1,0,1
"deface",0,2,0,0,0,0
"defeat",0,6,0,3,0,1
"defend",1,16,0,10,1,5
"defer",0,6,0,3,0,2
"defile",0,0,1,2,0,0
"define",0,0,0,2,0,1
"defraud",0,2,0,1,0,2
"defray",0,0,0,2,0,0
"defy",0,2,0,5,1,1
"degenerate",0,3,0,1,0,0
"degrade",0,4,0,2,0,0
"deign",0,5,0,8,0,5
"delay",0,8,0,3,0,5
"delete",0,0,0,0,0,1
"deliberate",0,0,0,1,0,0
"delight",0,8,0,1,0,2
"deliver",0,23,2,13,0,6
"delude",0,1,0,1,0,0
"demand",1,7,0,11,0,4
"demean",0,1,0,3,2,0
"demit",0,0,0,2,0,0
"demolish",0,2,0,0,0,0
"demonstrate",0,4,0,3,1,4
"demur",0,0,0,1,0,1
"denote",0,1,0,1,0,0
"denounce",0,0,0,0,0,2
"deny",0,60,0,30,0,37
"depart",2,6,0,12,0,6
"depend",0,16,0,41,0,35
"deplore",0,0,0,1,0,0
"depose",0,0,0,1,0,0
"deposit",0,7,0,0,0,6
"deprave",0,0,0,1,0,0
"depreciate",0,0,0,1,0,0
"deprive",0,12,0,6,1,0
"derive",0,6,0,15,0,4
"descant",0,0,1,0,0,0
"descend",0,8,1,10,1,12
"describe",1,10,0,13,2,17
"desert",1,6,2,19,1,4
"deserve",0,30,0,6,0,6
"design",0,1,0,0,0,0
"designate",0,0,0,0,0,2
"desire",2,13,1,3,0,2
"desist",0,4,0,1,0,0
"desolve",0,1,0,0,0,0
"despair",0,6,0,4,0,0
"despatch",0,3,0,2,0,0
"despise",0,12,0,7,0,5
"despoil",0,0,0,1,0,0
"despond",0,1,0,2,0,0
"destine",0,1,0,0,0,0
"destraboot",0,0,0,1,0,0
"destroy",1,18,1,17,0,11
"detach",0,0,0,1,0,1
"detail",0,0,0,2,0,0
"detain",0,14,0,13,0,8
"detect",0,3,0,4,0,9
"deter",0,2,0,4,0,0
"determine",0,32,0,16,0,3
"detest",0,1,0,0,0,0
"dethrone",0,0,1,0,0,0
"develop",0,0,0,0,0,9
"develope",0,0,0,3,0,0
"deviate",0,1,0,1,0,1
"devise",0,1,0,1,0,1
"devolve",0,1,0,1,0,0
"devote",0,7,0,3,0,6
"devour",1,2,0,1,0,4
"dictate",0,0,0,2,0,2
"die",1,41,6,65,16,58
"diet",0,0,0,0,0,1
"differ",0,2,0,3,0,8
"diffuse",0,3,0,0,0,0
"dig",0,0,0,2,0,1
"digest",0,0,0,1,0,1
"dignify",0,1,0,0,0,1
"dilapidate",0,0,0,1,0,0
"dilate",0,0,0,2,0,1
"dim",0,0,0,0,0,1
"diminish",0,8,0,13,0,9
"din",0,1,0,2,0,0
"dine",4,7,7,9,4,6
"dip",0,1,0,1,0,2
"direct",0,14,0,10,1,4
"dirty",0,0,0,0,0,1
"disagree",0,2,0,0,0,1
"disappear",0,0,0,9,0,18
"disappoint",0,5,0,1,1,1
"disapprove",0,1,0,4,0,0
"disarm",0,1,0,1,0,0
"disarrange",0,0,0,1,0,0
"disband",0,1,0,0,0,0
"disbelieve",0,1,0,0,0,0
"discard",0,3,0,0,0,1
"discern",0,4,0,6,0,3
"discharge",2,4,0,4,0,3
"disclaim",0,5,1,0,0,0
"disclose",0,6,0,3,0,1
"discolour",0,1,0,0,0,0
"discompose",0,0,0,2,0,0
"disconcert",0,0,0,0,0,1
"disconnect",0,0,0,0,0,1
"discontent",0,1,0,0,0,0
"discontinue",0,0,0,2,0,0
"discount",0,0,0,0,0,1
"discourage",0,0,0,0,0,1
"discourse",0,1,0,0,0,1
"discover",1,50,0,30,1,14
"discredit",0,1,0,0,0,0
"discriminate",0,0,0,1,0,0
"disculpate",0,1,0,0,0,0
"discuss",0,1,0,5,1,9
"disdain",0,7,0,2,0,3
"disemburse",0,1,0,0,0,0
"disencumber",0,0,0,1,0,0
"disengage",0,1,0,1,0,0
"disentangle",0,0,0,0,0,1
"disgrace",0,3,0,9,0,0
"disguise",0,2,0,2,0,1
"disgust",0,1,0,3,0,0
"dish",0,0,0,1,0,1
"dishonour",0,0,0,3,0,0
"disinherit",0,2,0,0,0,0
"disintegrate",0,0,0,0,0,2
"dislike",0,10,0,1,1,1
"dismiss",0,3,0,6,0,2
"dismount",0,0,0,1,0,0
"disobey",0,1,1,1,0,0
"disoblige",0,0,0,1,0,0
"disorder",0,3,0,1,0,0
"disorganize",0,0,0,0,0,1
"disown",0,1,0,3,0,0
"disparage",0,0,0,1,0,0
"dispatch",0,11,0,1,0,0
"dispense",0,8,0,4,0,2
"disperse",0,2,0,1,0,2
"display",0,5,0,2,0,3
"displease",0,7,0,3,0,1
"displume",0,1,0,0,0,0
"dispose",1,3,0,4,0,4
"disprove",0,0,0,1,0,1
"dispute",0,10,0,6,0,1
"disregard",0,0,0,1,0,2
"disrobe",1,0,0,0,0,0
"dissemble",0,0,0,0,0,1
"dissipate",0,3,0,4,0,2
"dissolve",0,2,0,3,0,4
"dissuade",0,0,0,1,0,1
"distance",0,0,0,0,0,1
"distil",0,0,0,1,0,0
"distill",0,1,0,1,0,0
"distinguish",0,14,0,3,1,1
"distingush",0,1,0,0,0,0
"distrack",0,0,0,0,0,1
"distract",0,3,0,2,0,0
"distress",0,4,0,5,0,2
"distribute",0,1,1,2,0,0
"distrust",0,2,0,0,0,0
"disturb",0,12,1,17,0,6
"dive",0,0,0,0,1,2
"diverge",0,0,0,2,0,0
"divert",0,17,0,2,0,1
"divest",0,0,0,1,1,0
"divide",0,10,0,7,1,5
"divine",0,3,0,0,0,0
"divorce",0,0,0,3,1,0
"divulge",0,0,0,1,0,0
"do",12,557,24,730,137,636
"doat",0,2,0,1,0,0
"dock",0,0,0,0,0,1
"doctor",0,1,0,0,0,0
"doff",0,0,0,2,0,0
"dog",0,0,0,1,0,0
"domesticate",0,0,1,0,0,0
"domineer",0,0,0,1,0,0
"don",0,0,0,0,0,1
"doom",0,0,0,1,0,0
"double",0,6,0,1,0,4
"doubt",0,12,0,21,0,19
"drag",1,3,0,3,0,1
"drain",0,0,0,1,0,2
"draw",0,39,1,20,5,18
"drawl",0,0,0,0,0,1
"dread",0,1,0,1,0,1
"dream",1,0,0,4,1,4
"dress",0,2,0,4,1,2
"drift",0,0,0,0,0,3
"drink",0,8,2,20,1,7
"drive",0,6,1,28,4,17
"droop",0,1,0,1,0,0
"drop",1,11,0,11,2,8
"drown",0,0,0,2,1,0
"dry",0,4,0,3,0,3
"dupe",0,0,0,1,0,0
"dwarf",0,0,0,0,0,1
"dwell",0,7,0,14,0,12
"dwindle",0,0,0,1,0,0
"dye",0,1,0,0,0,0
"earn",0,2,0,2,0,3
"ease",0,3,0,1,0,3
"eat",4,22,2,16,5,25
"ebb",0,0,0,1,0,1
"echo",0,0,0,0,0,1
"edge",0,0,0,1,0,1
"edify",0,2,0,0,0,0
"edit",0,0,0,0,1,0
"educate",0,1,0,0,0,3
"efface",0,1,0,2,0,2
"effect",0,9,0,5,0,2
"effervesce",0,0,0,1,0,0
"elaborate",0,0,0,0,0,1
"elapse",0,0,0,0,0,1
"elect",0,0,0,0,0,2
"electrocute",0,0,0,0,1,0
"elevate",0,1,0,1,0,0
"elope",0,0,1,0,0,0
"elucidate",0,1,0,2,0,1
"elude",0,4,0,2,0,0
"emancipate",0,0,1,0,0,0
"embalm",0,0,0,1,0,0
"embark",0,0,0,0,3,2
"embarrass",0,4,0,0,0,0
"embitter",0,2,0,2,0,0
"embody",0,0,0,1,0,0
"embrace",1,7,1,2,0,2
"embroil",0,1,0,0,0,0
"emerge",0,0,0,2,0,1
"emigrate",0,0,0,0,1,1
"emit",0,1,0,1,0,0
"employ",0,27,0,14,2,1
"empty",0,2,0,0,0,0
"emulate",0,1,0,1,0,0
"enable",0,64,0,54,0,54
"enact",0,0,0,0,0,1
"encamp",1,0,1,0,0,0
"enclose",0,14,0,0,0,2
"encounter",2,1,3,3,0,2
"encourage",0,10,0,8,0,5
"encrease",0,6,0,0,0,0
"encroach",0,2,0,2,0,1
"end",0,44,0,46,6,36
"endanger",0,5,0,1,0,1
"endear",0,4,0,0,0,0
"endeavor",0,2,0,5,0,0
"endeavour",0,145,0,86,0,26
"endorse",0,0,0,0,0,2
"endow",0,2,0,2,0,1
"endure",1,2,1,19,0,10
"enfeeble",0,1,0,0,0,1
"enflame",0,1,0,0,0,0
"enforce",0,1,0,0,0,0
"engage",2,43,0,9,1,3
"engrave",0,1,0,0,0,0
"engross",0,1,0,1,0,0
"enhance",0,0,0,0,0,1
"enjoin",0,0,0,1,0,0
"enjoy",0,17,0,20,4,14
"enlarge",0,3,0,6,2,2
"enlighten",0,1,0,1,1,3
"enlist",0,0,0,1,0,0
"enliven",0,1,0,2,0,0
"ennoble",0,1,0,2,0,0
"enquire",0,4,1,8,0,0
"enrage",0,1,0,1,0,0
"enrich",0,1,0,2,0,1
"enslave",0,0,0,0,0,1
"ensue",0,8,0,6,0,7
"ensure",0,5,0,10,0,14
"entail",0,0,0,1,0,2
"entangle",0,0,0,1,0,0
"enter",4,29,4,22,4,19
"entertain",1,14,0,9,0,4
"entice",0,0,0,1,0,0
"entitle",0,13,0,5,0,2
"entomb",0,0,0,0,0,1
"entreat",0,3,0,0,0,0
"entrust",1,0,0,1,0,2
"enumerate",0,0,0,3,0,2
"envy",0,5,0,2,0,0
"equal",0,4,0,2,0,4
"equip",0,1,0,0,0,0
"equivocate",0,0,0,1,0,0
"eradicate",0,1,0,0,0,0
"erase",0,0,0,3,0,0
"erect",0,0,0,1,0,0
"escape",1,9,0,12,1,9
"eschew",0,0,0,0,0,1
"escort",0,0,0,1,0,0
"espouse",0,1,0,1,0,0
"essay",0,0,0,1,0,0
"establish",1,7,0,4,1,4
"esteem",0,6,0,7,0,0
"estimate",0,0,0,1,0,1
"evade",0,1,0,0,0,0
"evangelize",0,0,0,0,1,0
"evaporate",0,1,0,1,1,2
"even",0,1,0,3,0,0
"evidence",0,0,0,1,0,0
"evince",0,3,0,2,0,0
"evolve",0,0,0,2,0,1
"exact",0,1,0,1,0,2
"exalt",0,3,0,0,0,0
"examine",2,13,1,10,2,4
"exasperate",0,0,0,1,0,2
"exceed",0,5,0,18,0,4
"excel",0,1,0,0,0,1
"except",0,0,1,1,0,1
"exchange",0,5,0,20,1,3
"excite",0,12,0,17,1,7
"exclaim",0,0,0,9,0,4
"exclude",0,2,0,3,0,2
"excuse",0,90,0,66,0,36
"execute",3,10,1,5,0,1
"exemplify",0,0,0,1,0,1
"exempt",0,1,0,0,0,0
"exercise",0,0,0,4,0,4
"exert",0,15,0,12,0,4
"exhale",0,0,0,2,0,0
"exhaust",0,0,0,4,0,2
"exhibit",0,2,0,5,0,12
"exhort",0,1,0,0,0,0
"exist",0,4,0,19,0,13
"exonerate",0,0,0,1,0,1
"expand",0,1,0,1,0,1
"expatiate",0,2,0,0,0,1
"expect",0,37,0,12,0,10
"expedite",0,2,0,0,0,0
"expel",0,3,0,0,0,0
"expend",1,0,0,1,0,1
"experience",0,0,0,6,0,0
"experiment",0,0,0,0,0,1
"expiate",0,0,0,1,0,0
"expire",1,6,0,3,0,2
"explain",0,27,0,45,2,42
"explode",0,0,0,4,0,0
"explore",0,0,0,1,0,1
"export",0,1,0,0,0,0
"expose",0,19,2,6,0,1
"expostulate",0,1,0,0,0,0
"express",5,4,1,13,0,5
"extend",1,9,0,15,1,5
"extenuate",0,2,0,0,0,0
"exterminate",0,1,0,1,0,0
"extinguish",0,0,0,6,0,2
"extirpate",0,0,0,1,0,0
"extort",0,2,0,1,0,0
"extract",0,0,0,4,0,1
"extricate",0,1,0,0,0,0
"face",1,2,0,2,0,3
"facilitate",0,5,0,0,0,3
"fade",0,2,0,6,0,3
"fag",0,0,0,3,1,0
"fail",0,28,0,61,0,44
"faint",0,4,6,0,2,3
"fall",1,52,1,81,7,44
"falsify",0,0,0,1,0,0
"famish",0,0,0,1,0,0
"fan",0,1,0,0,0,0
"fancy",0,4,0,4,0,2
"fare",0,1,0,1,0,1
"fascinate",0,0,0,0,0,1
"fashion",0,1,0,0,0,1
"fast",0,1,0,0,0,0
"fasten",0,1,0,1,0,2
"fat",0,0,0,2,0,0
"father",0,0,0,0,0,1
"fathom",0,1,0,0,0,0
"fatigue",0,1,0,3,1,1
"fatten",0,1,0,2,0,0
"favor",0,1,0,1,0,0
"favour",0,21,0,11,1,4
"fawn",0,1,0,0,0,0
"fear",0,4,0,11,0,3
"feare",0,0,0,0,0,1
"feast",0,1,0,0,0,0
"feed",0,8,2,5,0,5
"feel",0,30,0,66,0,57
"feign",0,5,0,3,0,0
"ferment",0,5,0,1,0,1
"ferret",0,2,0,0,0,0
"fetch",2,14,1,13,2,11
"fetter",0,0,0,1,0,0
"fight",14,19,7,22,1,17
"figure",0,3,1,0,0,2
"file",0,0,0,1,0,0
"fill",0,23,0,8,2,10
"filter",0,0,0,0,0,1
"find",0,440,0,431,7,511
"finger",0,1,0,0,0,0
"finish",0,8,1,18,1,13
"fire",1,1,0,4,3,1
"fish",0,0,0,1,0,1
"fit",1,10,0,9,0,12
"fix",0,14,0,10,0,4
"flame",1,1,0,0,0,0
"flatter",0,7,0,1,0,0
"flaunt",0,1,0,0,0,0
"flay",0,0,0,1,0,2
"fling",1,0,1,8,0,6
"flit",0,1,0,1,0,0
"float",0,1,0,3,0,4
"flock",0,0,0,1,0,0
"flog",0,0,1,2,0,0
"flood",0,0,0,0,0,2
"floor",0,0,0,0,1,1
"flounce",0,1,0,0,0,0
"flourish",0,0,0,3,0,4
"flout",0,0,0,0,0,1
"flow",0,6,0,13,0,3
"flower",0,0,0,0,1,0
"fluctuate",0,1,0,1,0,0
"flutter",0,0,0,2,0,0
"fly",1,31,1,30,0,16
"fold",0,1,0,0,1,0
"follow",6,85,3,103,3,84
"forbear",0,9,0,7,0,1
"forbid",1,3,0,1,0,4
"force",0,16,1,14,0,15
"forego",0,2,0,3,0,1
"foresee",0,2,0,0,0,1
"foreshadow",0,0,0,1,0,0
"forestall",0,0,0,1,0,1
"forfeit",0,7,0,4,0,1
"forget",1,24,0,73,2,45
"forgi'e",0,0,0,0,0,1
"forgive",0,104,1,63,0,59
"forgo",0,1,0,1,0,0
"fork",0,0,0,0,0,1
"form",0,11,0,38,0,24
"formulate",0,0,0,0,0,1
"forsake",0,8,0,4,0,3
"forswear",0,0,0,1,0,0
"fortify",1,0,0,0,0,0
"forward",0,6,0,6,0,2
"found",0,0,0,1,1,1
"founder",0,1,0,1,0,0
"frank",0,0,0,1,0,0
"free",1,9,0,5,0,1
"freeze",0,1,0,2,0,1
"freight",0,1,0,0,0,0
"frequent",0,1,0,0,0,0
"fresh",0,0,0,0,0,1
"freshen",0,0,0,0,0,1
"fret",0,0,1,2,0,2
"frighten",0,3,0,6,0,3
"frown",0,2,0,0,0,0
"fructify",0,0,0,0,0,1
"frustrate",0,1,0,1,0,0
"fry",0,0,0,1,0,0
"fuddle",0,0,0,0,1,0
"fudge",0,0,0,1,0,0
"fulfil",1,5,0,3,0,6
"fulfill",0,1,0,0,0,0
"furnish",1,20,0,20,0,7
"further",0,0,0,2,0,1
"fuzz",0,0,0,0,0,1
"gage",0,0,0,1,0,0
"gain",0,15,0,26,0,13
"gainsay",0,1,0,4,0,2
"gallop",0,1,0,4,0,2
"gammon",0,0,0,1,0,0
"gang",0,0,0,1,0,0
"gasp",0,0,1,0,0,0
"gather",0,6,1,10,2,7
"gaze",0,0,0,3,0,0
"gee",0,1,0,0,0,0
"generate",0,0,0,2,0,5
"get",3,84,3,140,33,221
"gie",0,0,0,1,1,1
"gild",0,0,0,0,0,1
"gird",0,0,0,0,0,1
"give",20,568,16,456,42,418
"gladden",0,0,0,3,0,1
"glance",0,0,0,0,0,6
"glare",0,0,0,1,0,0
"glide",0,0,0,1,0,1
"glimmer",0,0,0,0,0,1
"glitter",0,0,0,1,0,0
"gloat",0,0,0,1,0,1
"glory",0,2,0,1,0,1
"glow",0,2,0,0,0,1
"glut",0,0,0,1,0,0
"gnash",0,0,0,0,0,1
"gnaw",0,0,0,1,0,0
"go",1,382,3,450,1,528
"gossip",0,0,0,0,0,3
"govern",0,4,0,6,0,1
"grace",0,3,0,4,0,0
"grant",0,23,1,24,0,10
"grapple",0,1,0,0,0,0
"grasp",0,0,0,1,0,0
"grass",0,0,0,0,1,0
"grate",0,1,0,0,0,0
"gratify",0,4,0,6,0,2
"gravitate",0,0,0,0,0,3
"grease",0,0,0,0,0,2
"greet",0,0,0,1,0,2
"grieve",0,10,1,4,0,5
"grind",0,2,0,0,0,2
"groan",0,0,0,1,0,0
"ground",0,1,0,0,0,0
"group",0,0,0,0,0,1
"grow",0,48,0,42,1,52
"grudge",0,1,0,4,0,0
"grumble",0,0,0,2,1,0
"guarantee",0,0,0,0,0,4
"guard",0,5,0,7,0,5
"guess",0,23,0,13,0,8
"guide",0,2,0,10,0,8
"gush",0,0,0,1,0,3
"habituate",0,1,0,0,0,0
"hack",0,0,0,1,0,0
"hail",0,0,0,1,0,2
"half-dock",0,0,0,1,0,0
"halloo",0,1,0,0,0,0
"hallow",0,1,0,0,0,0
"hammer",0,0,0,1,1,0
"hamper",0,0,0,0,0,1
"hand",0,0,0,0,0,5
"handle",0,2,0,0,0,0
"hang",1,13,3,12,3,6
"happen",1,49,6,49,32,57
"harangue",1,0,0,0,0,1
"harass",0,0,0,1,0,1
"harbour",0,1,0,1,0,0
"harden",0,2,0,1,0,1
"harm",0,0,0,7,0,3
"harmonise",0,0,0,0,0,1
"harrass",0,1,0,0,0,0
"harrow",0,0,0,0,0,1
"hash",0,0,0,1,0,0
"haste",0,1,0,0,0,0
"hasten",0,8,0,10,0,8
"hate",0,11,0,8,0,7
"haul",0,0,0,2,0,0
"haunt",0,2,0,6,0,2
"hav",0,0,0,1,0,0
"have",14,914,22,979,61,1125
"hazard",0,6,1,1,0,0
"head",0,1,0,1,0,0
"heal",0,2,0,5,0,2
"heap",0,3,0,0,0,0
"hear",0,89,2,117,2,87
"hearken",0,4,0,2,0,2
"heat",0,0,0,1,0,2
"heave",0,0,0,1,0,1
"heed",0,0,0,1,0,1
"heighten",0,4,0,1,0,0
"help",0,36,1,40,9,101
"henpeck",0,0,0,0,1,0
"hesitate",0,5,0,7,0,10
"hide",0,7,0,11,0,3
"hie",0,0,0,1,0,0
"higgle",0,0,0,1,0,0
"hinder",0,11,0,3,1,4
"hinge",0,0,0,0,0,1
"hint",0,1,0,2,0,0
"hire",0,2,0,1,0,2
"hit",1,2,0,2,1,6
"hobble",0,2,0,0,0,0
"hocus",0,1,0,0,0,0
"hoist",1,0,0,1,0,0
"hold",0,60,0,72,1,56
"honour",0,9,0,9,0,8
"hook",0,0,0,0,0,1
"hoot",0,3,0,0,0,0
"hope",0,23,0,19,1,10
"horn",0,0,0,0,0,1
"house",0,0,0,0,0,3
"hover",0,0,0,1,0,1
"howl",0,1,0,0,0,0
"hug",0,1,0,0,0,0
"humble",0,1,0,2,0,0
"humiliate",0,0,0,0,0,1
"humour",0,1,0,0,0,1
"hunt",0,4,2,3,1,11
"hurl",0,1,0,0,0,0
"hurry",0,5,0,3,2,5
"hurt",0,9,2,14,0,23
"husband",0,0,0,1,0,0
"hush",0,0,0,1,0,0
"ice",0,0,0,1,0,0
"identify",0,0,0,0,0,1
"idle",0,0,0,0,1,0
"ignore",0,0,0,1,0,2
"illuminate",0,1,0,0,0,1
"illustrate",0,11,0,4,0,9
"imagine",0,25,1,14,1,6
"imbibe",0,2,0,0,0,0
"imbitter",0,0,0,1,0,0
"imbue",0,0,0,1,0,0
"imitate",0,3,0,4,1,0
"immortalize",0,2,0,0,0,0
"impair",0,2,0,0,0,1
"impannel",0,1,0,0,0,0
"impart",0,0,0,4,0,2
"impeach",0,2,0,0,0,0
"impede",0,0,0,2,0,2
"impel",0,1,0,0,0,0
"imperil",0,0,0,0,0,1
"impinge",0,0,0,0,0,1
"implore",0,2,1,3,0,0
"imply",0,0,0,0,0,2
"import",0,0,0,2,0,0
"importune",0,1,0,0,0,0
"impose",0,4,0,1,0,0
"impoverish",0,3,0,2,0,0
"impregnate",0,0,0,0,0,1
"impress",0,2,0,1,0,6
"imprint",0,1,0,1,0,0
"improve",0,8,0,15,2,9
"impugn",0,1,0,0,0,0
"impute",0,10,0,2,0,2
"inbreathe",0,0,0,1,0,0
"incense",0,0,0,1,0,0
"incite",0,3,0,0,0,0
"incline",0,8,0,1,0,3
"inclose",0,1,0,2,0,1
"include",0,3,0,7,0,6
"incommode",0,2,0,0,0,1
"inconvenience",0,0,0,1,0,0
"increase",0,46,0,28,0,19
"inculcate",0,1,0,0,0,1
"incur",0,3,0,4,0,5
"indicate",0,1,0,1,0,7
"indite",0,1,0,0,0,0
"induce",0,17,0,23,0,9
"indulge",0,27,0,10,0,3
"infect",0,1,0,0,0,0
"infer",0,1,0,0,0,1
"inflame",0,2,0,0,0,0
"inflict",0,1,0,3,0,7
"influence",0,5,0,4,0,2
"inform",0,37,0,14,0,10
"ingratiate",0,1,0,0,0,0
"inhabit",0,0,0,2,0,0
"inhale",0,0,0,0,0,1
"inherit",0,1,0,0,0,1
"initiate",0,1,0,0,0,3
"injure",0,9,0,2,0,4
"inquire",1,10,1,7,0,3
"inscribe",0,0,0,1,0,0
"insert",0,0,0,12,0,1
"insinuate",0,0,0,2,0,0
"insist",0,18,0,15,0,13
"inspect",0,1,1,0,0,0
"inspire",0,7,0,3,0,3
"instal",0,0,0,0,0,1
"instance",0,1,0,0,0,0
"instil",0,0,0,1,0,0
"institute",0,0,0,1,0,0
"instruct",0,9,0,5,0,4
"insult",0,2,0,4,2,0
"insure",0,1,0,4,0,0
"intensify",0,0,0,0,0,3
"intercede",0,3,0,1,0,0
"interest",0,2,0,5,0,15
"interfere",0,6,0,11,0,11
"interpose",0,4,1,3,0,0
"interpret",0,3,0,2,0,1
"interrogate",0,0,0,1,0,0
"interrupt",3,5,0,2,0,3
"intersect",0,0,0,1,0,1
"intervene",0,1,0,2,0,2
"intimate",0,0,0,1,0,0
"intimidate",0,4,0,0,0,0
"intitle",0,1,0,0,0,0
"intoxicate",0,2,0,0,0,0
"intreat",0,3,0,0,0,0
"intrigue",0,0,0,0,0,1
"introduce",3,17,2,8,2,7
"intrude",0,1,1,3,0,1
"invade",1,3,0,1,0,1
"inveigle",0,0,0,1,0,0
"invent",0,2,0,1,0,4
"invest",0,0,0,1,0,2
"investigate",0,0,0,0,0,2
"invite",0,8,1,4,2,5
"invoke",0,0,0,1,0,1
"involve",0,2,0,4,0,9
"irradiate",0,1,0,0,0,0
"irritate",0,0,0,1,0,2
"issue",1,1,0,2,0,4
"jar",0,0,0,1,0,0
"jelly",0,6,0,0,0,0
"jilt",0,0,0,0,2,0
"jingle",0,0,0,1,0,0
"jog",0,0,0,0,0,1
"join",2,23,4,29,2,21
"joke",0,1,0,0,0,0
"jolly",0,0,0,0,0,1
"jolt",0,0,0,0,0,1
"jostle",0,0,0,1,0,0
"jot",0,0,0,1,0,0
"journey",0,0,0,1,0,0
"joy",0,1,0,1,0,0
"judge",0,43,0,21,1,11
"jump",0,0,0,1,0,2
"justify",0,35,0,9,0,11
"keck",0,1,0,0,0,0
"keek",0,0,0,1,0,0
"keep",3,137,4,110,11,134
"ken",0,0,0,1,0,2
"kick",0,1,0,3,2,3
"kidnap",0,0,1,0,0,0
"kill",1,18,2,18,4,41
"kindle",0,1,0,0,0,0
"kiss",0,2,1,6,3,7
"kneel",0,7,1,3,0,4
"knit",0,1,0,1,0,0
"knock",2,3,0,1,2,8
"know",0,76,0,126,0,142
"labour",0,3,0,1,0,2
"lace",1,0,0,0,0,0
"lacerate",0,0,0,1,0,0
"lack",0,0,0,1,0,1
"lag",0,0,0,1,0,0
"lament",0,2,0,6,1,2
"land",0,1,0,3,0,3
"languish",0,2,0,2,0,0
"lard",0,1,0,0,0,0
"lash",1,0,0,0,0,0
"last",0,32,0,32,4,35
"laud",0,0,0,1,0,0
"laugh",0,32,1,22,1,22
"launch",0,0,0,0,0,1
"lay",4,60,3,37,1,22
"lead",0,57,1,54,5,46
"leaf",0,0,0,0,0,1
"leak",0,0,0,0,0,1
"lean",0,0,0,4,0,1
"leap",0,1,0,0,0,3
"learn",0,19,1,33,2,49
"leave",9,158,29,157,42,140
"leaven",0,0,0,1,0,1
"lecture",0,0,0,1,3,1
"legislate",0,0,0,1,0,0
"legitimate",0,1,0,0,0,0
"lend",0,12,2,20,1,16
"lengthen",0,1,0,1,0,0
"lessen",0,13,0,3,0,2
"let",3,175,4,142,17,156
"level",0,0,0,1,0,0
"levy",0,1,0,0,0,0
"libel",0,0,0,2,0,0
"lick",0,0,0,1,0,2
"lie",1,24,3,19,1,26
"lift",0,2,0,5,3,3
"light",1,0,0,3,0,2
"lighten",0,2,0,0,0,1
"like",0,33,0,61,4,44
"limit",0,1,0,0,0,1
"linger",0,0,0,4,0,3
"link",0,0,0,1,1,2
"list",0,2,0,0,0,0
"listen",0,14,1,31,3,25
"litigate",0,2,0,0,0,0
"live",1,61,5,80,27,67
"load",1,2,0,1,0,0
"loathe",0,0,0,1,0,0
"loave",0,0,0,1,0,0
"lock",0,6,0,3,1,1
"lodge",0,2,0,1,0,6
"long",0,1,0,0,0,0
"look",2,61,4,83,17,101
"loose",0,0,0,2,0,0
"loosen",0,0,0,2,0,1
"lop",0,1,0,0,0,0
"lord",0,1,0,0,0,0
"lose",4,47,3,42,7,32
"lounge",0,0,0,1,0,1
"love",0,44,0,45,1,29
"lower",0,1,0,3,0,3
"lown",0,0,0,0,0,1
"lull",0,0,0,1,0,0
"lumber",0,0,0,0,1,0
"lunch",0,0,0,0,2,2
"lure",0,0,0,1,0,0
"lurk",0,1,0,0,0,1
"madden",0,0,0,0,0,1
"magnify",0,1,0,0,0,1
"maim",0,0,0,1,0,0
"maintain",0,19,0,17,1,8
"make",31,658,23,481,56,440
"man",0,1,0,1,0,1
"manage",0,2,0,7,1,7
"mangle",0,2,0,0,0,0
"manifest",0,4,0,6,0,4
"manufacture",0,0,0,0,0,1
"mar",0,0,0,2,0,3
"march",0,9,0,18,0,2
"mark",0,3,0,3,1,8
"market",0,0,1,0,0,0
"marry",27,35,23,46,47,56
"marvel",0,1,0,0,0,1
"mask",0,0,0,0,0,2
"massacre",0,0,0,1,0,0
"master",0,0,0,0,0,1
"match",0,1,0,0,0,1
"matter",0,0,0,2,0,12
"mature",0,0,0,0,0,3
"mean",0,1,0,2,0,20
"measure",0,1,0,2,0,4
"meddle",0,1,0,0,0,0
"meditate",0,0,0,1,0,0
"meet",2,61,6,70,14,52
"meke",0,1,0,0,0,0
"melt",0,4,0,4,0,3
"menace",0,0,0,1,0,0
"mend",0,8,0,6,1,5
"mention",7,35,4,47,0,19
"merit",0,3,0,2,0,0
"methodize",0,1,0,0,0,0
"middle",0,1,0,0,0,0
"migrate",0,0,0,0,0,1
"mimic",0,1,0,0,0,0
"mince",0,0,0,1,1,0
"mind",0,6,0,12,0,10
"mine",0,2,0,0,0,0
"mingle",0,5,0,1,0,1
"minister",0,1,0,2,0,0
"misbecome",0,0,0,1,0,0
"miscall",0,1,0,0,0,0
"miscarry",0,1,0,0,0,0
"misconstrue",0,0,0,1,0,0
"mislead",0,3,0,2,0,0
"misread",0,0,0,0,0,1
"miss",0,6,0,10,0,14
"mistake",0,5,0,4,0,3
"mistrust",0,1,0,0,0,0
"misunderstand",0,0,0,1,0,0
"misuse",0,0,0,1,0,0
"mitigate",0,0,0,1,0,0
"mix",0,9,0,3,0,2
"moan",0,0,0,1,0,0
"mobilise",0,0,0,0,0,1
"mock",0,1,0,2,0,0
"model",0,0,0,1,0,0
"moderate",0,1,0,1,0,0
"modify",0,0,0,2,0,3
"moisten",0,1,0,1,0,1
"mold",0,0,0,0,0,2
"molest",1,6,0,0,0,2
"mope",0,0,0,0,0,1
"moralize",1,0,0,0,0,0
"mortgage",0,2,0,0,0,0
"mortify",0,2,0,1,0,0
"mother",0,0,0,2,0,1
"moulder",0,0,0,2,0,0
"mount",2,3,0,4,1,2
"mourn",0,2,0,0,0,4
"move",0,13,1,36,0,15
"mow",0,0,0,1,0,0
"muddle",0,0,0,0,0,1
"multiply",0,2,0,3,0,0
"murder",0,0,0,3,1,3
"murmur",0,4,0,0,0,0
"murther",1,0,0,1,0,0
"muster",0,0,0,1,0,0
"mutiny",0,2,0,0,0,0
"mutter",0,0,0,0,0,1
"mystify",0,0,0,0,0,1
"nail",0,0,0,1,0,0
"name",1,6,0,7,0,5
"narrate",0,0,0,0,0,7
"narrow",0,0,0,0,0,1
"necessitate",0,0,0,0,0,5
"need",0,8,0,13,0,35
"neglect",0,10,0,7,0,2
"neutralise",0,0,0,0,0,1
"nibble",0,0,0,0,0,1
"nick",0,1,0,0,0,0
"notch",0,0,0,1,0,0
"note",0,0,0,5,2,5
"notice",0,0,0,10,0,25
"now-and-then",0,1,0,0,0,0
"number",0,0,0,1,0,1
"nurse",0,0,2,2,0,2
"nurture",0,0,1,0,0,0
"o'erflow",0,1,0,0,0,0
"o'erwhelm",0,0,0,0,0,1
"obey",2,39,2,23,0,13
"object",0,3,0,9,0,8
"oblige",0,87,0,24,0,14
"obliterate",0,0,0,0,0,1
"obscure",0,0,0,0,0,1
"observe",4,42,5,37,1,24
"obstruct",0,6,0,0,0,1
"obtain",0,11,0,31,0,6
"obtrude",0,2,0,1,0,0
"obviate",0,1,0,1,0,1
"occasion",0,24,0,6,0,3
"occupy",0,5,0,11,0,17
"occur",1,13,0,30,0,25
"offend",0,12,0,9,0,4
"offer",1,25,0,12,1,16
"offset",0,0,0,1,0,0
"ogle",0,1,0,0,0,0
"omit",0,7,0,4,0,1
"open",7,28,4,30,3,18
"operate",0,12,0,8,0,4
"opine",0,0,0,0,0,1
"oppose",0,9,0,8,0,3
"oppress",0,5,0,0,0,0
"oppugn",0,0,0,1,0,0
"order",0,20,0,14,1,3
"originate",0,0,0,1,0,0
"oscillate",0,0,0,0,0,1
"out-do",0,1,0,0,0,0
"out-herod",0,0,0,1,0,0
"outdo",0,0,0,0,0,2
"outgrow",0,0,0,0,0,2
"outlast",0,2,0,3,0,0
"outlive",0,1,0,3,0,1
"outnumber",0,0,0,0,0,1
"outrage",0,0,0,2,0,0
"outsail",0,0,0,0,0,1
"outstrip",0,0,0,1,0,0
"outweigh",0,2,0,1,0,0
"outwrite",0,0,0,1,0,0
"over-leap",1,0,0,0,0,0
"over-pay",0,1,0,0,0,0
"over-reach",0,1,0,0,0,0
"overbalance",0,1,0,1,0,0
"overbear",0,0,0,0,0,1
"overcome",0,6,0,7,0,3
"overflow",0,4,0,1,0,1
"overhaul",0,0,0,0,0,1
"overhear",0,0,0,1,0,1
"overload",0,0,0,1,0,0
"overlook",0,2,0,2,0,5
"overpass",0,0,0,1,0,0
"overpower",0,1,0,3,0,0
"override",0,0,0,0,0,1
"oversee",0,0,0,1,0,0
"overshoot",0,0,0,1,0,0
"oversleep",0,0,0,0,0,1
"overspread",0,2,0,0,0,0
"overtake",0,3,0,3,0,6
"overthrow",0,0,0,1,0,0
"overturn",0,0,0,1,0,1
"overweigh",0,0,0,1,0,0
"overwhelm",0,1,0,3,0,1
"owe",0,5,0,5,0,2
"own",1,60,0,17,0,11
"pacify",0,1,0,0,0,0
"pack",0,3,1,1,0,8
"page",0,0,0,1,0,3
"pain",0,3,0,2,0,3
"paint",0,3,0,5,3,2
"pair",0,0,0,0,0,1
"pal",0,0,0,0,0,1
"pall",0,1,0,1,0,0
"palliate",0,3,0,0,0,0
"pander",0,0,0,0,0,1
"parade",0,0,0,1,0,0
"paralyse",0,0,0,1,0,0
"paraphrase",0,0,0,1,0,0
"pardon",0,72,0,29,0,24
"parry",0,0,0,1,0,0
"part",0,20,0,26,0,8
"partake",0,3,0,5,0,3
"participate",0,0,0,2,0,0
"particularise",0,0,0,1,0,0
"pass",2,28,0,65,3,52
"past",0,0,0,1,0,0
"paste",0,1,0,0,0,0
"patch",0,0,1,0,0,0
"patrol",0,0,0,0,0,1
"patronise",0,0,0,0,0,1
"pause",0,0,0,8,0,3
"pave",0,1,0,0,0,1
"pawn",0,5,0,0,0,1
"pay",6,55,8,83,8,68
"peach",0,0,0,0,1,0
"peck",0,0,0,0,0,1
"peel",0,1,0,0,0,0
"peep",0,0,0,1,0,0
"peg",0,0,0,0,0,1
"penetrate",0,1,0,1,0,7
"people",0,1,0,3,0,1
"perceed",0,0,0,0,0,1
"perceive",0,46,0,60,0,25
"perch",0,0,0,0,0,1
"perform",1,21,2,10,1,4
"perfume",0,0,0,0,0,1
"perish",0,6,0,14,0,12
"permit",0,131,0,62,1,47
"perpetuate",0,1,0,0,0,0
"perplex",0,1,0,0,0,1
"persecute",0,0,0,0,0,1
"persevere",0,4,0,1,0,3
"persist",0,5,0,7,0,9
"personate",0,0,0,1,0,0
"persuade",1,6,0,12,1,8
"peruse",0,4,0,2,0,0
"pervert",0,1,0,1,0,0
"pester",0,0,0,0,0,1
"petition",1,0,0,1,0,0
"philosophize",0,2,0,0,0,0
"physick",0,0,0,1,0,0
"pick",0,5,1,6,5,5
"picture",0,1,0,0,0,2
"piddle",0,0,0,1,0,0
"piece",0,1,0,0,0,0
"pierce",0,1,0,0,0,1
"pile",0,0,0,1,0,0
"pin",0,1,0,0,0,1
"pinch",0,1,0,2,0,0
"pine",0,5,0,0,0,0
"piss",0,1,0,0,0,0
"pistol",0,1,0,0,0,0
"pitch",0,0,0,0,1,2
"pity",0,14,0,4,0,3
"place",2,12,2,20,1,8
"plague",1,3,0,2,1,1
"plan",0,0,0,1,0,0
"plant",0,2,0,2,0,1
"play",2,8,5,27,17,25
"plead",0,11,1,8,0,1
"please",0,54,0,49,0,36
"pledge",0,1,0,8,0,3
"pluck",0,0,0,3,0,2
"plunder",0,2,0,0,0,2
"plunge",0,3,1,4,1,4
"pocket",0,0,0,0,0,2
"point",0,8,0,9,0,6
"poison",0,0,0,1,0,0
"poke",0,0,0,0,1,1
"pollute",0,0,0,0,0,1
"pop",0,1,0,0,0,2
"pore",1,0,0,0,0,1
"possess",0,7,0,13,0,3
"post",0,1,0,1,0,2
"postpone",0,8,0,3,0,4
"pouch",0,0,0,1,0,0
"pounce",0,0,0,0,0,1
"pour",1,4,0,8,1,3
"pouse",0,0,1,0,0,0
"practice",0,0,0,1,0,1
"practise",0,3,0,3,0,2
"praise",0,3,0,6,0,4
"prate",0,1,0,0,0,0
"prattle",0,0,0,1,0,0
"pray",0,15,0,21,0,13
"preach",0,1,0,5,1,2
"precede",0,1,0,1,0,1
"precipitate",0,2,0,0,0,1
"preclude",0,2,0,2,0,1
"predominate",0,2,0,1,0,0
"prefer",0,6,0,12,0,7
"prefix",0,1,0,0,0,1
"prejudge",0,0,0,0,0,1
"prejudice",0,1,0,0,0,0
"premise",0,2,0,0,0,0
"prepare",1,7,1,9,1,2
"preponderate",0,3,0,1,0,0
"prescribe",0,5,0,0,0,0
"present",1,15,1,11,2,15
"preserve",0,20,1,13,0,7
"preside",0,0,0,0,0,1
"press",0,9,1,10,4,9
"presume",0,23,1,12,0,4
"pretend",0,28,1,24,1,9
"prevail",0,30,1,16,0,5
"prevaricate",0,1,0,0,0,0
"prevent",0,43,0,38,0,25
"prey",0,1,0,2,0,0
"prick",0,0,0,1,0,1
"print",0,1,1,1,1,1
"prize",0,1,0,1,0,0
"probe",0,1,0,1,0,0
"proceed",0,51,0,46,0,16
"proclaim",2,1,0,6,0,3
"procure",0,23,0,12,0,0
"produce",1,91,1,73,0,68
"profess",0,0,0,0,0,2
"profit",0,4,0,13,1,2
"progress",0,0,0,0,0,1
"project",0,1,0,0,0,0
"prolong",0,4,0,2,0,1
"promenade",0,0,0,0,0,1
"promise",0,26,0,27,0,16
"promote",0,12,0,3,0,5
"prompt",0,6,0,2,0,1
"pronounce",2,4,1,5,2,6
"propagate",0,1,0,1,0,0
"prophesy",0,0,0,0,0,1
"proportion",0,1,0,0,0,0
"propose",3,9,6,5,4,2
"propound",0,0,0,0,1,0
"proscribe",0,0,0,1,0,0
"prosecute",0,9,0,2,2,2
"prosper",0,3,0,6,0,3
"prostrate",1,0,0,0,0,0
"protect",0,19,0,20,0,10
"protest",0,0,0,2,0,1
"protract",0,1,0,0,0,1
"prove",0,73,3,91,1,47
"provide",0,11,0,10,1,9
"provoke",0,9,0,3,0,2
"pry",0,1,0,1,0,0
"publish",1,2,1,14,3,7
"puff",0,0,0,0,0,1
"pull",0,3,0,4,2,6
"pump",1,0,0,0,0,0
"punch",0,0,0,0,1,1
"punish",1,11,0,6,0,4
"purchase",0,35,1,15,0,6
"purge",0,1,0,2,0,0
"purify",0,2,0,1,0,0
"purloin",0,0,0,1,0,0
"purr",0,0,0,0,1,0
"pursue",1,21,0,10,1,2
"push",0,3,0,4,0,1
"put",8,120,7,112,12,92
"puzzle",0,5,0,3,0,2
"quail",0,0,0,2,0,0
"qualify",0,3,0,1,0,3
"quarrel",0,7,2,7,1,15
"queen",0,0,0,1,0,0
"quell",0,0,0,1,0,0
"quench",0,0,0,1,0,0
"question",1,1,0,4,2,6
"quibble",0,0,0,0,0,1
"quicken",0,2,0,0,0,1
"quiet",0,1,0,1,0,2
"quit",0,23,1,24,0,4
"quote",0,2,0,7,1,21
"raccommode",0,1,0,0,0,0
"race",0,0,0,0,0,1
"rack",0,0,1,0,1,0
"radiate",0,0,0,0,0,1
"rage",0,0,0,1,0,0
"rail",0,1,0,1,0,0
"rain",0,3,0,3,3,5
"raise",3,35,1,24,2,19
"rake",0,0,0,0,0,1
"rally",0,2,0,7,0,1
"range",0,3,0,2,0,0
"rank",0,2,0,0,0,1
"rant",0,0,0,1,0,0
"rap",0,0,0,0,0,1
"rase",0,2,0,0,0,0
"rate",0,0,0,0,0,1
"ratify",0,2,0,1,0,2
"rattle",0,0,0,2,1,0
"rave",0,1,0,0,0,1
"ravish",1,0,0,0,0,0
"re-absorb",0,0,0,1,0,0
"re-advise",1,0,0,0,0,0
"re-appear",0,0,0,3,0,0
"re-embark",0,0,0,1,0,0
"re-enter",0,1,0,1,0,0
"re-establish",0,2,0,1,0,0
"re-read",0,0,0,0,1,0
"re-state",0,0,0,0,0,1
"re-tickle",0,0,0,0,0,1
"re-unite",0,1,0,0,0,0
"reach",0,17,0,21,2,23
"react",0,0,0,0,1,1
"read",3,43,1,36,4,51
"realise",0,0,0,1,0,5
"realize",0,0,1,1,0,6
"reanimate",0,0,0,1,0,0
"reap",0,3,0,4,0,2
"reappear",0,0,0,1,0,2
"rear",0,1,0,0,0,0
"reason",0,3,0,5,0,1
"reassume",0,1,0,0,0,0
"rebel",0,0,1,0,0,4
"rebound",0,0,0,1,0,0
"rebuild",0,0,0,1,0,0
"rebuke",1,0,0,0,0,0
"recall",0,2,0,4,0,7
"recant",0,0,0,2,0,0
"recapitulate",0,0,0,1,0,1
"recast",0,0,0,0,0,1
"recede",0,4,0,3,0,0
"receive",2,100,0,67,2,55
"recite",0,3,0,0,0,0
"reckon",0,0,0,3,0,2
"reclaim",0,4,0,0,0,1
"recline",0,0,0,0,0,1
"recognise",0,1,0,5,0,9
"recognize",0,1,0,5,0,5
"recoil",0,2,0,2,0,0
"recollect",0,14,0,40,0,7
"recommence",0,0,0,0,0,1
"recommend",0,16,0,5,0,2
"recompence",0,1,0,0,0,0
"recompense",0,3,0,4,0,0
"reconcile",0,13,0,4,0,1
"reconnoitre",0,1,0,0,0,1
"reconsider",0,1,0,0,0,1
"record",0,0,0,2,0,3
"recount",1,3,1,1,0,1
"recover",0,14,0,26,0,7
"recreate",0,0,0,0,0,1
"recriminate",0,1,0,0,0,0
"recruit",0,0,0,1,0,0
"recur",0,3,0,5,0,10
"redeem",0,3,0,2,0,0
"redouble",0,1,0,0,0,0
"redound",0,1,0,0,0,0
"redress",0,1,0,0,0,1
"reduce",1,9,0,11,0,6
"refer",0,3,0,8,0,7
"refine",0,0,0,1,0,0
"reflect",0,13,0,8,0,6
"reform",0,4,2,2,0,1
"refrain",0,2,0,2,0,4
"refresh",1,1,0,2,0,2
"refund",0,2,0,0,0,0
"refuse",1,49,1,24,3,24
"refute",1,0,0,1,0,3
"regain",0,1,0,4,0,2
"regale",0,1,0,0,0,0
"regard",0,8,0,6,0,15
"regenerate",0,0,0,0,0,2
"register",0,0,0,1,0,1
"regret",0,7,0,12,0,14
"regulate",0,4,0,2,0,1
"rehearse",0,1,0,1,0,0
"reign",0,1,0,7,0,5
"reimburse",0,3,0,0,0,0
"reinforce",0,0,0,0,1,0
"reinstate",0,0,0,0,0,1
"reject",0,3,0,5,0,2
"rejoice",0,21,0,16,0,7
"rejoin",0,1,0,1,0,1
"rekindle",0,0,0,0,0,1
"relapse",0,1,0,1,0,0
"relate",11,20,5,15,0,6
"relax",0,1,0,1,0,0
"release",2,2,0,7,0,2
"relent",0,5,0,1,0,1
"relieve",0,7,0,12,0,13
"relinquish",0,2,0,5,0,1
"relish",0,2,0,3,0,0
"rely",0,3,0,1,0,1
"remain",0,61,0,120,3,89
"remand",0,0,0,2,0,0
"remark",0,0,0,9,3,3
"remedy",0,0,0,1,0,2
"remember",0,29,1,56,0,101
"remind",0,7,0,8,2,6
"remit",0,4,0,2,0,0
"remonstrate",0,2,0,0,0,0
"remove",1,17,2,10,2,7
"remunerate",0,0,0,1,0,0
"rend",0,0,0,2,0,3
"render",0,22,0,33,0,14
"rendezvous",0,1,0,1,0,0
"renew",0,4,0,4,0,1
"renounce",0,6,0,1,1,1
"renovate",0,0,0,1,0,0
"rent",0,1,1,0,0,0
"repair",0,9,0,4,0,0
"repay",0,13,0,17,0,22
"repeat",2,20,2,16,2,12
"repel",0,0,0,1,0,1
"repent",0,10,0,13,0,5
"repine",0,0,0,6,0,0
"replace",0,7,1,2,0,3
"replenish",0,0,0,0,0,1
"reply",6,3,3,10,0,4
"report",0,2,0,3,0,3
"repose",0,1,1,1,0,0
"represent",0,5,0,3,0,5
"reprimand",0,0,1,0,0,0
"reprint",1,1,0,0,0,0
"reproach",0,3,0,4,0,3
"reproduce",0,0,0,0,2,2
"reprove",0,1,0,0,0,1
"republish",0,0,0,1,0,1
"repudiate",0,0,0,0,0,1
"request",0,2,2,1,1,1
"require",0,48,0,41,0,26
"requite",0,1,0,5,0,1
"rescue",0,3,0,6,0,1
"resemble",0,5,0,4,0,6
"resent",0,4,0,2,0,3
"reserve",0,2,0,2,0,1
"reside",2,1,4,0,0,2
"resign",1,21,0,6,0,4
"resist",0,2,1,4,0,8
"resolve",0,10,0,4,0,1
"resort",0,0,0,0,0,1
"respect",0,5,0,11,0,3
"respond",0,0,0,0,0,2
"rest",1,11,1,23,6,18
"restate",0,0,0,0,0,1
"restore",0,24,0,14,1,8
"restrain",0,5,0,1,0,1
"restrict",0,0,1,1,0,0
"result",0,2,0,11,0,16
"resume",1,10,0,21,0,6
"resuscitate",0,0,0,1,0,0
"retain",0,8,0,6,0,5
"retard",0,1,0,3,0,2
"retire",1,14,0,11,2,3
"retort",0,0,1,0,0,0
"retract",0,2,0,1,0,0
"retreat",0,0,1,0,0,2
"retrieve",0,1,0,2,0,0
"return",3,79,2,95,1,55
"reveal",0,7,1,5,0,10
"revel",0,2,0,0,0,0
"revenge",0,5,0,1,0,1
"reverberate",0,0,0,0,0,1
"revere",0,0,0,1,0,1
"reverence",0,0,0,1,0,1
"reverse",0,0,0,2,0,2
"revert",0,2,0,1,0,0
"review",0,1,0,0,1,0
"revile",0,0,0,0,0,1
"revisit",0,0,0,0,0,1
"revive",0,9,0,5,1,3
"revoke",0,2,0,0,0,0
"revolt",0,1,0,1,0,0
"revolutionize",0,0,0,0,0,1
"revolve",0,0,0,1,0,0
"reward",0,20,1,7,0,7
"rhyme",0,1,0,0,0,0
"ribbon",0,0,0,1,0,0
"rid",0,7,0,1,0,0
"ride",1,6,3,16,3,13
"ridicule",0,2,0,0,0,0
"rig",0,0,0,0,0,1
"right",0,2,0,0,0,3
"ring",2,0,1,9,1,6
"riot",0,1,0,0,0,0
"rip",0,0,0,1,0,1
"ripen",0,4,0,2,0,3
"rise",3,34,0,64,1,38
"risk",0,7,0,1,1,13
"rival",0,0,0,1,0,1
"rive",0,1,0,0,0,0
"roam",0,0,0,0,0,1
"roar",0,1,0,0,0,0
"roast",0,0,0,2,0,2
"rob",0,9,2,1,0,4
"rock",0,0,0,0,0,1
"roll",0,1,0,0,1,2
"romp",0,0,0,0,0,1
"root",0,0,0,1,0,2
"rot",0,0,0,2,1,0
"round",0,0,0,0,0,1
"rouse",0,6,1,7,0,5
"rouze",0,1,0,0,0,0
"row",0,0,0,2,0,4
"rub",0,1,0,1,0,0
"rue",0,0,0,1,0,1
"ruffle",0,0,0,0,0,2
"ruin",6,12,1,16,6,9
"rule",0,0,0,2,1,4
"run",1,43,3,31,4,44
"rush",3,0,0,1,1,2
"rust",0,0,0,0,0,2
"sacrifice",0,10,1,11,1,6
"sadden",0,0,0,1,0,0
"saddle",0,1,0,1,0,0
"sag",0,0,0,0,0,1
"sail",0,5,3,4,1,3
"salute",1,0,0,0,0,0
"salve",0,1,0,0,0,0
"sanctify",0,2,0,0,0,0
"sanction",0,1,0,3,0,0
"sap",0,0,0,0,0,1
"satiate",0,2,0,1,0,0
"satisfy",0,32,0,23,0,15
"save",0,36,0,51,1,47
"savour",0,1,0,0,0,0
"say",59,234,61,308,80,303
"scale",0,0,0,1,0,0
"scant",0,0,0,1,0,0
"scare",0,0,0,0,0,1
"scarify",0,0,0,0,0,1
"scatter",0,1,0,0,0,3
"scent",0,0,0,0,0,1
"school",1,0,0,0,0,1
"scoff",0,1,0,0,0,0
"scold",0,3,0,2,1,0
"scorch",0,1,0,1,0,1
"score",0,0,0,1,2,0
"scorn",0,2,0,3,0,1
"scotch",0,0,0,0,0,1
"scour",0,0,0,1,0,1
"scourge",0,0,0,0,0,1
"scout",0,0,0,0,0,1
"scrape",0,0,0,0,0,1
"scratch",0,0,0,2,0,2
"scream",0,0,0,2,0,0
"screen",0,2,0,0,0,1
"scribble",0,2,0,2,0,0
"scruple",0,14,0,3,0,1
"seal",1,2,1,2,0,0
"search",0,3,1,4,2,4
"season",0,1,0,0,0,0
"seat",0,0,0,1,0,0
"second",0,2,0,2,0,0
"secrete",0,0,0,0,0,1
"secure",0,26,0,21,0,5
"see",13,315,18,319,44,421
"seek",4,15,2,33,3,20
"seem",0,19,0,22,0,39
"seize",1,9,1,9,0,4
"select",0,2,0,3,0,4
"sell",0,16,3,25,2,19
"send",14,156,10,109,13,68
"sentence",0,0,0,1,0,0
"separate",1,1,0,4,1,5
"sequester",0,0,0,1,0,0
"serenade",0,0,1,0,0,0
"sermonize",1,0,0,0,0,0
"serve",2,98,2,83,0,91
"service",2,0,0,0,0,0
"set",5,90,4,53,8,47
"settle",2,15,2,20,2,16
"sever",0,0,0,1,0,0
"shade",0,0,0,0,0,3
"shake",0,2,0,9,0,11
"sham",0,0,0,1,1,0
"shame",0,0,0,3,0,0
"shape",0,2,0,2,0,4
"share",0,8,0,8,0,4
"sharpen",0,1,0,6,0,1
"shave",0,0,0,2,0,1
"sheath",0,1,0,0,0,0
"shed",0,3,0,5,0,0
"shelter",0,1,0,3,0,2
"shew",1,67,0,30,0,9
"shield",0,0,0,2,0,0
"shift",0,0,0,2,0,1
"shine",0,6,0,14,1,6
"ship",1,0,0,0,0,0
"shirk",0,0,0,0,0,1
"shiver",0,1,0,0,0,1
"shock",0,5,0,3,0,0
"shoot",2,3,4,6,2,9
"shorten",0,3,0,0,0,2
"shout",0,0,0,0,0,2
"show",0,66,5,106,5,138
"shrink",0,4,0,8,2,6
"shrivel",0,0,0,1,0,0
"shudder",0,0,0,3,0,0
"shuffle",0,0,0,2,0,0
"shun",0,8,0,2,0,0
"shut",0,8,1,9,0,6
"sicken",0,1,0,0,0,1
"side",0,3,0,0,0,2
"sidle",0,0,0,0,0,1
"sift",0,1,0,2,0,0
"sigh",0,0,0,2,0,1
"sight",0,1,0,0,0,0
"sign",0,2,0,6,0,8
"signify",0,11,0,5,0,1
"silence",0,3,0,4,0,0
"simmer",0,0,0,1,0,0
"simplify",0,0,0,0,0,1
"sin",0,0,0,0,0,1
"sing",1,8,0,7,6,13
"single",0,0,0,1,0,1
"sink",0,16,0,12,0,11
"sip",0,0,1,0,0,0
"sit",2,27,4,22,6,30
"sketch",0,0,0,2,0,2
"skim",0,0,0,0,0,1
"skin",0,0,0,0,1,0
"skip",0,0,0,0,0,1
"skreen",0,1,0,0,0,0
"slacken",0,1,0,1,0,0
"slap",0,0,0,2,0,0
"slay",0,0,0,5,1,3
"sleep",1,5,11,11,27,9
"slice",0,1,0,0,0,0
"slide",0,1,0,0,0,0
"sling",0,0,0,2,0,0
"slip",0,2,0,2,1,5
"slit",0,0,0,1,0,0
"slope",0,0,0,1,0,0
"slumber",0,0,0,1,0,0
"smart",0,0,0,2,0,0
"smash",0,0,0,0,0,1
"smell",0,0,0,1,0,0
"smile",0,10,0,17,0,7
"smite",0,0,0,1,0,3
"smoke",0,1,0,2,0,3
"smooth",0,1,0,0,0,2
"smother",0,1,0,0,0,0
"snake",0,0,0,0,0,1
"snap",0,1,0,4,1,2
"snatch",1,4,0,2,1,1
"sneer",0,0,0,0,0,1
"sniff",0,0,0,1,0,0
"snip",0,0,0,1,0,0
"snivel",0,0,0,1,0,0
"soar",0,1,0,0,0,0
"sober",0,0,0,0,0,1
"soften",0,5,0,3,0,3
"soil",0,0,0,0,0,2
"solicit",0,2,0,2,0,0
"solve",0,0,0,0,0,2
"soothe",0,3,0,1,0,2
"sorce",0,1,0,0,0,0
"sorm",0,1,0,0,0,0
"sorrow",0,1,0,0,0,0
"sound",0,3,0,3,0,8
"sour",0,1,0,0,0,1
"sow",0,2,0,2,0,0
"spare",0,28,0,16,0,11
"sparkle",0,0,0,0,0,2
"speak",28,54,16,112,9,66
"specify",0,1,0,2,0,1
"speculate",0,0,0,0,0,1
"speed",0,0,0,0,0,1
"spell",0,0,0,0,0,1
"spend",0,6,1,11,7,12
"spill",0,0,0,0,0,1
"spin",0,2,0,0,0,0
"spit",0,0,0,0,0,2
"splinter",0,1,0,1,0,0
"split",0,0,0,1,0,1
"spoil",0,12,0,7,0,11
"sponge",0,0,0,1,0,0
"sport",0,1,0,0,0,0
"spout",0,0,0,0,0,1
"spread",0,3,0,6,0,7
"spring",0,2,0,8,2,4
"sprinkle",0,2,0,1,0,0
"spurn",1,0,0,2,0,0
"sputter",0,1,0,0,0,0
"spy",0,0,0,0,0,1
"squander",0,0,0,0,0,1
"square",0,1,0,0,0,1
"squeeze",0,0,0,1,0,1
"squint",0,1,0,0,0,0
"squire",0,1,0,0,0,0
"stab",1,2,0,1,0,3
"stagger",0,1,0,0,0,0
"stain",0,2,0,2,0,1
"stake",0,1,0,3,0,0
"stammer",0,0,0,1,0,0
"stamp",0,0,0,0,0,1
"stand",0,52,4,69,11,59
"stare",0,5,0,1,1,3
"start",0,7,0,3,5,14
"startle",0,0,0,1,0,3
"starve",1,3,0,2,0,4
"state",0,1,1,18,0,11
"stay",0,58,1,47,16,57
"steady",0,0,0,1,0,0
"steal",0,7,0,4,0,1
"steam",0,0,0,0,0,1
"steel",0,0,0,1,0,0
"steep",0,0,0,1,0,0
"steer",0,1,0,0,0,1
"step",1,10,0,11,2,2
"stick",0,9,0,15,1,16
"stifle",0,2,0,3,1,1
"stimulate",0,2,0,5,0,0
"sting",0,1,0,4,0,1
"stipulate",0,0,0,1,0,0
"stir",0,18,0,9,1,6
"stock",0,2,0,1,0,0
"stone",0,0,0,0,0,1
"stoop",0,1,0,3,0,2
"stop",0,20,5,26,8,35
"stow",0,0,0,1,0,0
"straggle",0,1,0,0,0,0
"strain",0,1,0,3,0,0
"strangle",0,0,0,0,0,1
"stray",0,0,0,1,0,1
"strengthen",0,5,0,2,0,7
"stretch",0,3,1,1,0,7
"strew",0,0,0,2,0,1
"strike",1,13,5,18,3,16
"string",0,1,0,0,0,0
"strip",0,2,0,2,0,1
"strive",0,6,0,3,0,5
"stroll",0,0,0,1,0,2
"struggle",0,5,0,8,0,1
"strut",0,1,0,0,0,0
"study",0,5,0,7,0,5
"stumble",0,0,0,2,0,0
"stun",0,0,0,0,0,1
"subdue",0,4,0,2,0,0
"subject",0,10,0,1,0,0
"subjoin",0,0,0,2,0,0
"submit",0,31,1,22,0,6
"subscribe",0,5,0,7,0,0
"subside",0,4,0,1,0,1
"subsist",0,5,0,2,0,0
"subtract",0,0,0,1,0,0
"succeed",0,22,0,21,2,18
"succour",0,0,0,1,0,1
"suck",0,1,0,0,1,1
"sue",1,1,0,1,0,1
"suffer",2,131,0,70,0,25
"suffice",0,16,0,40,0,40
"suggest",0,21,2,8,2,15
"suit",0,10,0,43,1,25
"sulk",0,0,1,0,0,0
"sully",0,1,0,2,0,0
"sum",0,1,0,0,0,2
"summarise",0,0,0,0,0,1
"summon",0,2,0,1,0,5
"sup",3,2,0,4,0,0
"superinduce",0,0,0,1,0,0
"superintend",0,1,0,1,0,1
"supersede",0,0,0,4,0,1
"supper",4,0,1,0,0,0
"supplant",0,1,0,2,0,1
"supplement",0,0,0,0,0,1
"supply",1,34,1,22,0,12
"support",0,24,0,16,0,7
"suppose",0,49,0,49,0,19
"suppress",0,2,0,3,1,0
"surface",0,0,0,0,0,1
"surfeit",0,1,0,0,0,0
"surmount",0,2,0,1,0,1
"surpass",0,0,0,2,0,2
"surprise",0,14,0,9,0,10
"surprize",0,6,0,1,0,0
"surrender",0,2,0,2,0,1
"surround",0,0,0,2,0,0
"survey",0,0,0,1,0,0
"survive",0,13,0,1,0,9
"suspect",0,18,0,9,1,9
"suspend",0,8,0,1,0,1
"sustain",0,0,0,3,0,4
"swallow",0,3,0,5,0,6
"swarm",0,0,0,0,1,5
"sway",0,1,0,0,0,1
"swear",1,10,1,22,2,5
"sweep",1,1,0,5,0,3
"sweeten",0,1,0,2,0,1
"swell",0,1,0,3,0,1
"swim",0,1,0,2,0,2
"swing",0,0,0,2,0,3
"swoop",0,0,0,0,0,1
"sympathise",0,0,1,4,0,2
"sympathize",0,1,0,5,0,1
"tack",1,1,0,0,0,0
"tag",0,0,0,1,0,0
"taint",0,1,0,0,0,0
"take",23,417,27,439,52,411
"talk",1,28,1,45,10,51
"tally",0,0,0,0,0,1
"tame",0,1,0,0,0,1
"tap",1,1,0,1,0,1
"tarnish",0,1,0,2,0,0
"tarry",0,1,0,2,0,1
"task",0,2,0,0,0,0
"taste",0,5,0,6,0,3
"tax",0,0,0,3,1,3
"teach",0,20,0,45,4,27
"tear",0,10,0,11,0,3
"tease",0,0,0,2,0,2
"teaze",0,0,0,1,0,0
"telegraph",0,0,0,0,1,4
"telephone",0,0,0,0,0,1
"tell",33,315,25,303,42,322
"temporise",0,0,0,1,0,1
"tempt",0,4,0,6,0,3
"tend",0,14,0,19,0,23
"tender",0,0,0,2,0,0
"term",0,0,0,0,0,2
"terminate",0,8,0,6,0,3
"terrify",0,2,0,1,0,1
"test",0,0,0,1,0,3
"testify",0,7,0,6,0,7
"thank",0,27,0,22,0,17
"thatch",0,0,0,1,0,0
"thicken",0,5,0,0,0,1
"think",0,231,1,194,1,138
"thirst",0,1,0,0,0,0
"thrash",0,0,0,0,0,1
"threaten",0,2,0,2,0,0
"thresh",0,0,0,0,0,1
"thrive",0,4,0,2,0,3
"throng",0,0,0,0,0,1
"throw",2,35,2,22,7,14
"thrust",0,0,0,4,0,5
"thwart",0,0,0,1,0,1
"tide",0,0,0,0,0,1
"tie",0,2,3,5,0,2
"tieze",0,1,0,0,0,0
"till",0,2,0,0,0,1
"tilt",0,0,0,1,0,0
"time",0,0,0,0,0,1
"tip",0,1,0,0,0,0
"tire",0,10,0,8,0,5
"toast",1,0,0,0,0,1
"toil",0,0,0,0,0,1
"token",0,0,0,0,0,1
"tolerate",0,2,0,1,0,3
"toll",0,0,0,2,0,0
"tone",0,0,0,0,0,1
"topple",0,0,0,0,0,1
"torment",0,0,0,5,0,0
"torture",0,1,1,0,1,1
"toss",0,1,1,0,0,1
"totter",0,0,0,1,0,0
"touch",0,12,2,8,2,13
"trace",0,1,0,4,0,3
"track",0,0,0,0,0,1
"traffic",0,0,0,1,0,0
"train",0,0,0,0,3,4
"tramp",0,1,0,0,0,1
"trample",0,3,0,2,0,3
"transact",1,1,0,0,0,0
"transcend",0,0,0,0,0,1
"transcribe",3,9,0,5,0,0
"transfer",0,3,0,0,0,1
"transform",0,0,0,0,0,3
"transgress",0,1,0,0,0,0
"translate",1,0,0,2,0,2
"transmit",0,3,0,1,0,0
"transplant",0,1,0,0,0,1
"transport",0,3,1,2,0,1
"travel",1,3,1,5,2,11
"traverse",0,2,0,1,0,0
"tread",0,1,0,9,0,1
"treat",0,25,1,14,2,9
"tremble",0,6,0,4,1,2
"trespass",0,0,0,1,0,0
"trick",0,1,0,0,0,1
"trifle",0,1,0,2,0,0
"trim",0,0,0,1,1,0
"triumph",0,7,0,5,0,2
"trot",0,0,0,1,0,1
"trouble",2,33,3,18,2,15
"truckle",0,0,0,2,0,0
"trudge",0,0,0,1,0,0
"trump",0,1,0,0,0,0
"trust",0,43,0,41,1,22
"try",3,80,7,109,16,159
"tuck",0,0,0,0,0,1
"tug",0,0,0,1,0,0
"tumble",0,0,0,0,1,1
"tune",0,1,0,0,0,0
"turn",1,66,7,66,18,48
"twirl",0,0,1,0,0,0
"twist",0,1,0,0,0,0
"twitch",0,0,0,1,0,0
"unbar",0,0,0,2,0,0
"unbind",0,0,0,1,0,0
"unbolt",0,1,0,0,0,0
"unbosom",0,1,0,1,0,0
"unburden",0,0,0,1,0,1
"uncover",0,0,0,0,0,1
"undeceive",1,2,0,1,0,1
"undergo",0,3,0,4,0,2
"underlie",0,0,0,0,0,1
"undermine",0,0,0,1,0,1
"undersell",0,0,0,0,0,1
"understand",0,19,0,34,1,111
"undertake",3,43,0,16,1,23
"undo",0,7,0,3,0,2
"undress",0,2,0,0,0,0
"unfold",1,7,0,4,0,1
"unhelm",0,0,0,1,0,0
"unhinge",0,1,0,0,0,0
"unite",0,10,0,7,0,2
"unlearn",0,0,0,0,0,1
"unlock",1,0,0,2,0,0
"unmask",0,0,0,4,0,0
"unpack",0,0,0,0,1,1
"unravel",0,1,0,0,0,0
"unriddle",0,0,0,1,0,0
"unsay",0,0,0,1,0,1
"unsettle",0,0,0,0,0,1
"untie",0,0,0,0,1,0
"unveil",0,0,0,1,0,1
"unviolated",0,2,0,0,0,0
"unwind",0,1,0,0,0,0
"upbraid",0,4,0,0,0,0
"uphold",0,1,0,2,0,0
"upset",0,0,0,0,0,4
"urge",0,11,0,9,0,4
"use",4,31,2,26,4,29
"usher",0,0,0,0,0,1
"usurp",0,0,0,0,0,1
"utilize",0,0,0,0,0,1
"utter",1,1,1,3,0,6
"vacate",0,1,1,0,0,0
"valet",0,0,0,0,1,0
"value",0,2,0,3,0,2
"vanish",0,10,0,11,0,8
"vanquish",0,1,0,0,0,0
"vary",0,7,0,6,0,9
"vault",1,0,0,0,0,0
"veil",0,1,0,0,0,1
"venerate",0,1,0,0,0,0
"vent",0,0,0,0,1,1
"venture",0,105,0,66,0,17
"verify",0,0,0,0,1,2
"vest",0,1,0,0,0,0
"vex",0,6,0,1,0,3
"vibrate",0,0,0,0,0,2
"vie",0,1,0,1,0,1
"view",0,0,0,5,0,3
"vindicate",0,2,0,1,0,0
"violate",0,3,0,1,0,0
"visit",11,12,6,11,2,10
"vitiate",0,0,0,1,0,1
"vivify",0,1,0,0,0,0
"volunteer",0,0,0,2,0,0
"vote",1,4,1,4,0,6
"vouch",0,2,0,6,0,1
"vouchsafe",0,5,0,1,0,0
"vow",0,4,0,0,0,2
"wag",0,0,0,0,0,3
"wager",0,0,0,2,0,3
"wait",3,38,0,49,1,56
"waive",0,1,0,0,0,3
"wake",1,2,0,4,1,13
"waken",0,0,0,0,0,1
"walk",2,9,1,25,4,29
"wallop",0,0,0,1,0,0
"wander",1,1,0,4,0,4
"wane",0,0,0,0,0,1
"want",0,61,0,33,0,56
"war",0,0,1,0,1,0
"ware",0,0,0,1,0,0
"warm",1,1,0,0,0,2
"warn",0,0,0,2,0,2
"warp",0,0,0,1,0,0
"warrant",0,6,0,10,0,4
"wash",0,2,0,3,9,8
"waste",0,1,0,6,4,3
"watch",0,9,0,16,0,14
"water",0,3,0,1,0,1
"wauken",0,0,0,1,0,0
"wave",0,0,0,2,0,1
"waver",0,0,0,1,0,0
"waylay",0,0,0,1,0,0
"weaken",0,4,0,3,0,0
"wean",0,0,0,1,0,0
"wear",0,13,1,23,7,17
"weary",0,1,0,5,1,7
"weather",0,0,0,1,0,0
"weave",0,1,0,0,0,3
"wed",1,0,0,3,1,4
"weep",0,1,0,4,0,3
"weigh",0,8,0,4,0,6
"weize",0,0,0,1,0,0
"welcome",0,2,0,1,0,6
"wet",0,1,0,0,0,0
"wheedle",0,1,0,1,0,0
"whine",0,0,0,1,0,0
"whip",0,0,0,6,0,1
"whirl",0,0,0,2,0,0
"whisper",1,2,0,1,0,1
"whiten",0,0,0,0,0,1
"whittle",0,0,0,0,0,1
"wibrate",0,0,0,1,0,0
"wield",0,0,0,1,0,0
"win",0,0,0,10,2,12
"wind",1,1,0,2,0,0
"wink",0,1,0,1,0,0
"wipe",0,5,0,1,0,1
"wire",0,0,0,0,1,0
"wise",0,0,0,1,0,0
"wish",0,18,0,20,0,18
"with-hold",0,1,0,0,0,0
"withdraw",2,13,0,8,0,2
"wither",0,0,0,1,1,0
"withhold",0,6,0,0,0,1
"withstand",0,0,0,1,0,0
"witness",0,1,0,0,0,1
"wonder",0,73,0,17,0,11
"woo",0,0,0,3,1,0
"work",5,12,10,32,12,49
"worm",0,0,0,0,0,1
"worry",0,0,0,0,1,3
"worship",0,2,0,3,0,1
"wound",0,2,0,2,0,1
"wrangle",0,0,0,0,0,1
"wrap",0,1,0,0,0,2
"wreak",0,0,0,1,0,0
"wreck",0,0,1,0,0,2
"wrestle",0,1,1,2,1,0
"wring",0,0,0,1,0,1
"write",18,113,18,152,14,85
"wrong",0,3,0,4,0,0
"yean",0,0,0,1,0,0
"yearn",0,0,0,2,0,1
"yer",0,0,0,0,0,2
"yield",0,23,0,35,0,25
"yoke",0,1,0,0,0,0
"zatusfy",0,0,0,1,0,0